{
    "train_loss": [
        0.7406431564643977,
        0.6304684129576357,
        0.6011862957536175,
        0.5732849363073731,
        0.5591662047745736,
        0.5388951623152773,
        0.5155824723526822,
        0.48032833752829895,
        0.44790866026943876,
        0.4257826367941387,
        0.4216914688760961,
        0.41133552107461746,
        0.3997102100146188,
        0.39806875372750455,
        0.38794339220836094,
        0.38877527906572207,
        0.3689702469449348,
        0.3491565126436859,
        0.3461550161680147,
        0.30981390560828886
    ],
    "train_acc": [
        0.7638346148997857,
        0.7984369091138284,
        0.8070717257027606,
        0.8160847094415732,
        0.8218202445480902,
        0.8251607210386991,
        0.8358754569519727,
        0.8445733013992185,
        0.8597630152527417,
        0.8678305811168536,
        0.8688390268498677,
        0.8706038068826422,
        0.8747636455313248,
        0.8750787848228917,
        0.8758981469809656,
        0.8771587041472331,
        0.8853523257279717,
        0.8926005294340098,
        0.8924114458590697,
        0.9052691289549981
    ],
    "val_loss": [
        1.3691415792353012,
        1.3636171021180994,
        1.3803784132003785,
        1.3765585287879496,
        1.376033639907837,
        1.3940761759701896,
        1.398060539750492,
        1.4165024159936344,
        1.4336420538846184,
        1.4420308219685274,
        1.4389380017448874,
        1.464176303358639,
        1.4488640095205867,
        1.424688588030198,
        1.429612528857063,
        1.4702135992050172,
        1.4707251537547392,
        1.4976061304877786,
        1.5345337149676155,
        1.5172789322628695
    ],
    "val_acc": [
        0.5658823529411765,
        0.5714705882352941,
        0.5705882352941176,
        0.5755882352941176,
        0.5832352941176471,
        0.5744117647058824,
        0.5732352941176471,
        0.5847058823529412,
        0.5826470588235294,
        0.5797058823529412,
        0.58,
        0.5726470588235294,
        0.576764705882353,
        0.5785294117647058,
        0.5841176470588235,
        0.5797058823529412,
        0.5785294117647058,
        0.5770588235294117,
        0.5720588235294117,
        0.57
    ]
}