{
    "train_loss": [
        2.035647095865129,
        1.5524141595235286,
        1.3464914837716642,
        1.1944691536932353,
        1.046936245444262
    ],
    "train_acc": [
        0.3624732131602168,
        0.49987394428337323,
        0.5637841926131351,
        0.6075885541409303,
        0.6539140300012606
    ],
    "val_loss": [
        1.743189320003285,
        1.5730975871927597,
        1.5187457658262813,
        1.5488157751980949,
        1.5171359236100141
    ],
    "val_acc": [
        0.44941176470588234,
        0.4861764705882353,
        0.5285294117647059,
        0.5208823529411765,
        0.538235294117647
    ]
}