{
    "train_loss": [
        2.359251068036012,
        1.7976993836897341,
        1.6071440738521456,
        1.525457801425741,
        1.4817769508200727,
        1.4647832098635933,
        1.3952324378690306,
        1.337559814758474,
        1.2725277464852331,
        1.2246760330088395,
        1.1764129539854242,
        1.1463509128596523,
        1.1156011017246743,
        1.108276115680393,
        1.0994176258584611,
        1.1287285546764785,
        1.1361520470248094,
        1.1226626144566902,
        1.085542789251495,
        1.0536363913765565,
        1.0497504450342297,
        1.0239587887439754,
        1.0106301645335192,
        0.9862111055518886,
        0.9651112942651738,
        0.9555769668887095,
        0.9422351841696361,
        0.9390505339208834,
        0.9310205218681663,
        0.9136392272436857
    ],
    "train_acc": [
        0.38806252363544685,
        0.562082440438674,
        0.6291440816841044,
        0.6658893230808017,
        0.684608596999874,
        0.6880751292071096,
        0.7192108912139166,
        0.7421530316399849,
        0.7665448128072608,
        0.7909996218328501,
        0.8077650321442077,
        0.8203706038068826,
        0.8336694819110047,
        0.8400352956006555,
        0.8377032648430607,
        0.8304550611370226,
        0.8262321946300265,
        0.8293835875456952,
        0.8441321063910249,
        0.8586915416614144,
        0.8620320181520232,
        0.8703516954493886,
        0.8775998991554267,
        0.8866759107525526,
        0.896004033782932,
        0.9007311231564351,
        0.9058363796798184,
        0.9030001260557167,
        0.9077272154292197,
        0.9142190848354973
    ],
    "val_loss": [
        1.999036533131319,
        1.850346340011148,
        1.78861238451565,
        1.7348157181459314,
        1.721593650930068,
        1.7713731204762178,
        1.7513834538179285,
        1.737681822496302,
        1.7158821307911591,
        1.6970166472827688,
        1.7143644080442542,
        1.6912944171007942,
        1.6830349765104407,
        1.6847452744315652,
        1.684555908090928,
        1.8079109169455136,
        1.7867064476013184,
        1.7567274340461283,
        1.7555184260536643,
        1.7976076804890353,
        1.7711338104921228,
        1.792637451396269,
        1.7767501180312213,
        1.7524051761627197,
        1.7547197583142449,
        1.7507755554423612,
        1.7524547397389132,
        1.7533031920825735,
        1.7358621389725628,
        1.7329914625953227
    ],
    "val_acc": [
        0.4711764705882353,
        0.5247058823529411,
        0.5447058823529412,
        0.5702941176470588,
        0.5761764705882353,
        0.5664705882352942,
        0.5708823529411765,
        0.5805882352941176,
        0.5926470588235294,
        0.5920588235294117,
        0.5929411764705882,
        0.6032352941176471,
        0.6091176470588235,
        0.6102941176470589,
        0.6126470588235294,
        0.5835294117647059,
        0.5888235294117647,
        0.5944117647058823,
        0.5914705882352941,
        0.5870588235294117,
        0.5988235294117648,
        0.6002941176470589,
        0.6011764705882353,
        0.6085294117647059,
        0.6123529411764705,
        0.61,
        0.6073529411764705,
        0.6061764705882353,
        0.6129411764705882,
        0.62
    ]
}