{
    "train_loss": [
        1.8708143158810133,
        1.4868513130512973,
        1.3548461501061553,
        1.2764295825610055,
        1.2083889852914558,
        1.160680234214597,
        1.1220013830289395,
        1.0852489735485333,
        1.0675410262469587,
        1.0609859697717199,
        1.1212153287736688,
        1.1116215213558978,
        1.0789636865348893,
        1.0466197265330968,
        1.01346425768328,
        0.9883739374714013,
        0.9629013303810878,
        0.937345773066275,
        0.9266624555384654,
        0.9261213864080804,
        0.989458612206016,
        0.9855658608566191,
        0.9757652849744831,
        0.9488182307256888,
        0.9349511443480517,
        0.9059471832569425,
        0.8917201894292,
        0.8731721513169775,
        0.8604617972644782,
        0.8556017555039505,
        0.916239377693037,
        0.9252533637969538,
        0.9127370514927723,
        0.9015496838165346,
        0.882193148643927,
        0.8582973630626594,
        0.8447461909261244,
        0.8321566293979513,
        0.825096569293411,
        0.817313906967519,
        0.8780531372550051,
        0.8871561028169086,
        0.8780192457880016,
        0.8671366469613437,
        0.8522664097936835,
        0.8350410916500595,
        0.8194537683626217,
        0.8063755965619736,
        0.7993538318009212,
        0.7960690941094869
    ],
    "train_acc": [
        0.5359026369168357,
        0.6733772819472617,
        0.7264959432048681,
        0.7570233265720081,
        0.7850659229208925,
        0.8044117647058824,
        0.8198529411764706,
        0.8343559837728195,
        0.8411764705882353,
        0.8435091277890466,
        0.8184077079107505,
        0.8238336713995943,
        0.8355983772819473,
        0.8488336713995943,
        0.8614858012170385,
        0.8723630831643002,
        0.881921906693712,
        0.8922413793103449,
        0.8973630831643002,
        0.8966531440162272,
        0.8718813387423935,
        0.8740872210953347,
        0.8773833671399595,
        0.8872210953346856,
        0.892393509127789,
        0.9057555780933063,
        0.9096602434077079,
        0.9175963488843814,
        0.9228955375253549,
        0.9244168356997972,
        0.9003042596348885,
        0.8976926977687627,
        0.9007099391480731,
        0.907682555780933,
        0.9131592292089249,
        0.9231237322515213,
        0.9271551724137931,
        0.9304513184584179,
        0.9347616632860041,
        0.9382860040567952,
        0.9140973630831642,
        0.9096602434077079,
        0.9153651115618662,
        0.9192190669371196,
        0.9240618661257607,
        0.930552738336714,
        0.9373478701825558,
        0.9417849898580122,
        0.9450304259634889,
        0.9450050709939148
    ],
    "val_loss": [
        1.8850693051644654,
        1.7568867741971574,
        1.7083078711392807,
        1.6555434763854677,
        1.6657160037623386,
        1.6431780566663692,
        1.6132225835148442,
        1.6119543648533385,
        1.5983632805784111,
        1.5947580883641745,
        1.6675174125720131,
        1.6493087551687433,
        1.65231792152746,
        1.6377154818316855,
        1.6421667460971008,
        1.627849182865939,
        1.6287551694044953,
        1.6064822907364318,
        1.6143298050378998,
        1.590329825962769,
        1.6695809368832215,
        1.6329522988156464,
        1.6442480684172978,
        1.6636799787719048,
        1.6415697806151175,
        1.6393381023768052,
        1.642910644221633,
        1.625759265798559,
        1.6140382184950706,
        1.6116830638049622,
        1.6853102197931438,
        1.6695105676339579,
        1.6717364657167795,
        1.7092262450632076,
        1.6786207112440046,
        1.6363983743291188,
        1.639132773881832,
        1.6284441442439976,
        1.639459586967183,
        1.6305240767858518,
        1.704000081939264,
        1.6968477390639545,
        1.703259974929658,
        1.7044985823534249,
        1.6940849877848085,
        1.6650075552534618,
        1.6584339094455356,
        1.6498539649757569,
        1.646470838060212,
        1.6497901281473257
    ],
    "val_acc": [
        0.49609559867486985,
        0.5543066729768102,
        0.5758400378608614,
        0.5992664458116422,
        0.5963085660198769,
        0.6127543776620918,
        0.6252957879791765,
        0.6249408424041647,
        0.6295551348793185,
        0.632158069096072,
        0.6099148130619971,
        0.6191433980123048,
        0.6171320397539044,
        0.6261239943208708,
        0.6276620918125887,
        0.6392569805963085,
        0.6340511121628017,
        0.6443445338381448,
        0.6463558920965452,
        0.646119261713204,
        0.6243492664458117,
        0.6367723615712257,
        0.632749645054425,
        0.631211547562707,
        0.6368906767628963,
        0.6404401325130147,
        0.6390203502129673,
        0.6487221959299574,
        0.6551112162801703,
        0.6559394226218647,
        0.6310932323710364,
        0.6309749171793658,
        0.6316848083293894,
        0.6357075248461902,
        0.6397302413629911,
        0.6501419782300047,
        0.6496687174633223,
        0.6536914339801231,
        0.6554661618551822,
        0.6592522479886418,
        0.6308566019876952,
        0.6325130146710838,
        0.6254141031708471,
        0.6351159488878372,
        0.6359441552295315,
        0.647657359204922,
        0.6548745858968291,
        0.6575958353052532,
        0.6603170847136772,
        0.6568859441552295
    ]
}